{
  "validation_method": "rolling_window",
  "n_splits": 5,
  "total_parameters_tested": 5,
  "best_parameters": {
    "atr_length": 14,
    "bbands_length": 58,
    "bbands_stddev": 2.2201217478393964,
    "cvd_length": 42,
    "sl_coef": 2.5183901810364437,
    "tpsl_ratio": 1.9872223685309238
  },
  "best_cv_score": -0.9143675493917588,
  "cv_mean": -0.9143675493917588,
  "cv_std": 2.3919125613388,
  "confidence_interval": [
    -4.234874510886878,
    2.406139412103361
  ],
  "statistical_significance": {
    "t_statistic": -0.7645493101804437,
    "p_value": 0.487153231861674,
    "is_significant": "False",
    "significance_level": 0.05
  },
  "overall_metrics": {
    "CVDBB_bbands_length": {
      "mean": 58.8,
      "std": 7.30479294709987,
      "min": "51",
      "max": "71",
      "median": 58.0,
      "count": 25
    },
    "CVDBB_bbands_stddev": {
      "mean": 2.1557210929363078,
      "std": 0.12089331510183406,
      "min": 2.0559987958563384,
      "max": 2.3650906915514454,
      "median": 2.069700334601839,
      "count": 25
    },
    "CVDBB_cvd_length": {
      "mean": 52.8,
      "std": 6.144916598294887,
      "min": "42",
      "max": "58",
      "median": 56.0,
      "count": 25
    },
    "CVDBB_atr_length": {
      "mean": 12.8,
      "std": 2.993325909419153,
      "min": "10",
      "max": "18",
      "median": 12.0,
      "count": 25
    },
    "CVDBB_sl_coef": {
      "mean": 2.2811153716287604,
      "std": 0.3449762590537604,
      "min": 1.808479566263661,
      "max": 2.798931168960506,
      "median": 2.200450333366826,
      "count": 25
    },
    "CVDBB_tpsl_ratio": {
      "mean": 1.9499744228680536,
      "std": 0.07680690672840049,
      "min": 1.827674910049699,
      "max": 2.0548069328139316,
      "median": 1.971440181506329,
      "count": 25
    },
    "end_value": {
      "mean": 969.8712829079175,
      "std": 29.12476950121021,
      "min": 909.6531895050051,
      "max": 1037.3808606634027,
      "median": 972.0165277168966,
      "count": 25
    },
    "total_return_pct": {
      "mean": -3.0128717092082566,
      "std": 2.91247695012102,
      "min": -9.034681049499488,
      "max": 3.7380860663402626,
      "median": -2.7983472283103423,
      "count": 25
    },
    "benchmark_return_pct": {
      "mean": -13.65292848651302,
      "std": 16.90638864732685,
      "min": -33.56733490605737,
      "max": 6.527807402323926,
      "median": -17.451517815586783,
      "count": 25
    },
    "total_fees_paid": {
      "mean": 4.106379668370959,
      "std": 1.7558279398623726,
      "min": 0.9681205648646022,
      "max": 7.828277881362987,
      "median": 4.2605967414248305,
      "count": 25
    },
    "max_drawdown_pct": {
      "mean": 6.149364339798817,
      "std": 2.3443013712695615,
      "min": 2.7773238969678893,
      "max": 9.96382070233127,
      "median": 6.218386359594605,
      "count": 25
    },
    "total_trades": {
      "mean": 11.36,
      "std": 3.1607594024221455,
      "min": "4",
      "max": "16",
      "median": 11.0,
      "count": 25
    },
    "win_rate_pct": {
      "mean": 24.466450216450216,
      "std": 11.20159545375153,
      "min": 0.0,
      "max": 50.0,
      "median": 25.0,
      "count": 25
    },
    "best_trade_pct": {
      "mean": 5.829584384874174,
      "std": 3.2992942812177355,
      "min": -3.846371605330502,
      "max": 11.891862105277957,
      "median": 6.088829779496651,
      "count": 25
    },
    "worst_trade_pct": {
      "mean": -5.384329892138981,
      "std": 1.8976288139092339,
      "min": -9.870684267862426,
      "max": -2.672720931890851,
      "median": -5.177461810902977,
      "count": 25
    },
    "avg_winning_trade_pct": {
      "mean": 5.114223683620713,
      "std": 1.2663423925849018,
      "min": 3.023773211332573,
      "max": 7.4463088806036275,
      "median": 4.990775928191374,
      "count": 23
    },
    "avg_losing_trade_pct": {
      "mean": -3.2903778140676434,
      "std": 0.9364126193606287,
      "min": -5.99471476927383,
      "max": -2.015227347384506,
      "median": -3.0187441656295566,
      "count": 25
    },
    "profit_factor": {
      "mean": 0.6337866264650931,
      "std": 0.3774517988034529,
      "min": 0.0,
      "max": 1.8099119267375465,
      "median": 0.6142259198137663,
      "count": 25
    },
    "expectancy": {
      "mean": -3.085898802207861,
      "std": 3.0303881167226776,
      "min": -9.723173604364066,
      "max": 4.264938484340267,
      "median": -2.84315524943613,
      "count": 25
    },
    "sharpe_ratio": {
      "mean": -2.496319576798304,
      "std": 2.491413850041394,
      "min": -8.435965245480972,
      "max": 3.2770120957937534,
      "median": -2.380884869993817,
      "count": 25
    },
    "calmar_ratio": {
      "mean": -3.570444705843638,
      "std": 5.224829990281314,
      "min": -7.887377952712605,
      "max": 17.196238722285397,
      "median": -5.421874450722437,
      "count": 25
    },
    "omega_ratio": {
      "mean": 0.8954851534921917,
      "std": 0.10950123940226328,
      "min": 0.6299889492561552,
      "max": 1.1679623205596594,
      "median": 0.8847491784451023,
      "count": 25
    },
    "sortino_ratio": {
      "mean": -3.2422987071612575,
      "std": 3.363766673237316,
      "min": -10.314950764921154,
      "max": 5.77983587130374,
      "median": -3.342120922204127,
      "count": 25
    }
  },
  "configuration": {
    "train_size_months": 4,
    "test_size_months": 1,
    "purge_days": 1,
    "embargo_days": 0,
    "significance_level": 0.05
  }
}