{
  "validation_method": "expanding_window",
  "n_splits": 4,
  "total_parameters_tested": 1,
  "best_parameters": {
    "atr_length": 14,
    "bbands_length": 31,
    "bbands_stddev": 2.721998772266825,
    "cvd_length": 45,
    "sl_coef": 2.000389382920507,
    "tpsl_ratio": 2.9922115592912175
  },
  "best_cv_score": -3.7410587250323712,
  "cv_mean": -3.7410587250323712,
  "cv_std": 2.466941064363711,
  "confidence_interval": [
    -8.273782269475,
    0.7916648194102573
  ],
  "statistical_significance": {
    "t_statistic": -2.626614749520252,
    "p_value": 0.07855327455086315,
    "is_significant": false,
    "significance_level": 0.05
  },
  "overall_metrics": {
    "CVDBB_bbands_length": {
      "mean": 31.0,
      "std": 0.0,
      "min": 31,
      "max": 31,
      "median": 31.0,
      "count": 4
    },
    "CVDBB_bbands_stddev": {
      "mean": 2.721998772266825,
      "std": 0.0,
      "min": 2.721998772266825,
      "max": 2.721998772266825,
      "median": 2.721998772266825,
      "count": 4
    },
    "CVDBB_cvd_length": {
      "mean": 45.0,
      "std": 0.0,
      "min": 45,
      "max": 45,
      "median": 45.0,
      "count": 4
    },
    "CVDBB_atr_length": {
      "mean": 14.0,
      "std": 0.0,
      "min": 14,
      "max": 14,
      "median": 14.0,
      "count": 4
    },
    "CVDBB_sl_coef": {
      "mean": 2.000389382920507,
      "std": 0.0,
      "min": 2.000389382920507,
      "max": 2.000389382920507,
      "median": 2.000389382920507,
      "count": 4
    },
    "CVDBB_tpsl_ratio": {
      "mean": 2.9922115592912175,
      "std": 0.0,
      "min": 2.9922115592912175,
      "max": 2.9922115592912175,
      "median": 2.9922115592912175,
      "count": 4
    },
    "end_value": {
      "mean": 942.8048813314865,
      "std": 37.39309627413067,
      "min": 894.9131177638512,
      "max": 990.1791102196257,
      "median": 943.0636486712348,
      "count": 4
    },
    "total_return_pct": {
      "mean": -5.719511866851336,
      "std": 3.73930962741307,
      "min": -10.508688223614882,
      "max": -0.9820889780374216,
      "median": -5.69363513287652,
      "count": 4
    },
    "benchmark_return_pct": {
      "mean": -16.662276559837636,
      "std": 14.329780321298616,
      "min": -31.943685802214226,
      "max": 6.527807402323926,
      "median": -20.61661391973012,
      "count": 4
    },
    "total_fees_paid": {
      "mean": 4.648014272104198,
      "std": 1.5828447580089238,
      "min": 1.9542753972958997,
      "max": 5.9833432648095455,
      "median": 5.327219213155673,
      "count": 4
    },
    "max_drawdown_pct": {
      "mean": 8.245837365267272,
      "std": 2.9610690296792495,
      "min": 4.004238028879768,
      "max": 12.314743073929861,
      "median": 8.332184179129731,
      "count": 4
    },
    "total_trades": {
      "mean": 11.5,
      "std": 3.3541019662496847,
      "min": 6,
      "max": 15,
      "median": 12.5,
      "count": 4
    },
    "win_rate_pct": {
      "mean": 12.916666666666666,
      "std": 5.574620066774854,
      "min": 6.666666666666667,
      "max": 20.0,
      "median": 12.499999999999998,
      "count": 4
    },
    "best_trade_pct": {
      "mean": 7.86102462505723,
      "std": 3.3939694224415895,
      "min": 4.62722070916799,
      "max": 13.523575309350964,
      "median": 6.646651240854984,
      "count": 4
    },
    "worst_trade_pct": {
      "mean": -4.554517989172442,
      "std": 1.7393022033599383,
      "min": -6.677086777488822,
      "max": -2.6972307468433088,
      "median": -4.421877216178818,
      "count": 4
    },
    "avg_winning_trade_pct": {
      "mean": 7.687827743164508,
      "std": 3.4408132193102485,
      "min": 4.62722070916799,
      "max": 13.523575309350964,
      "median": 6.300257477069539,
      "count": 4
    },
    "avg_losing_trade_pct": {
      "mean": -2.779973166214381,
      "std": 0.7127505087760573,
      "min": -3.836440550263086,
      "max": -2.0178852872930344,
      "median": -2.632783413650702,
      "count": 4
    },
    "profit_factor": {
      "mean": 0.4247559770724748,
      "std": 0.20484174003395106,
      "min": 0.20923760568681402,
      "max": 0.6989990195257946,
      "median": 0.3953936415386453,
      "count": 4
    },
    "expectancy": {
      "mean": -4.937178478215583,
      "std": 1.9512172373102348,
      "min": -7.005792149076589,
      "max": -2.407878466074865,
      "median": -5.1675216488554385,
      "count": 4
    },
    "sharpe_ratio": {
      "mean": -3.7410587250323712,
      "std": 2.466941064363711,
      "min": -6.461513723142539,
      "max": -0.7203589038321329,
      "median": -3.8911811365774063,
      "count": 4
    },
    "calmar_ratio": {
      "mean": -5.104407424844011,
      "std": 1.6551557512508797,
      "min": -7.201891220325998,
      "max": -2.8220379401332947,
      "median": -5.196850269458375,
      "count": 4
    },
    "omega_ratio": {
      "mean": 0.8580119242953065,
      "std": 0.08891350393849548,
      "min": 0.7584516877545092,
      "max": 0.973017311596482,
      "median": 0.8502893489151175,
      "count": 4
    },
    "sortino_ratio": {
      "mean": -4.9124213232033265,
      "std": 3.2203823322683722,
      "min": -8.586356313396706,
      "max": -0.9502189118097543,
      "median": -5.0565550338034235,
      "count": 4
    }
  },
  "configuration": {
    "train_size_months": 6,
    "test_size_months": 1,
    "purge_days": 1,
    "embargo_days": 0,
    "significance_level": 0.05
  }
}