{
  "validation_method": "blocked_timeseries",
  "n_splits": 3,
  "total_parameters_tested": 12,
  "best_parameters": {
    "atr_length": 14,
    "bbands_length": 31,
    "bbands_stddev": 2.721998772266825,
    "cvd_length": 45,
    "sl_coef": 2.000389382920507,
    "tpsl_ratio": 2.9922115592912175
  },
  "best_cv_score": 0.4267763472235408,
  "cv_mean": 0.4267763472235408,
  "cv_std": 1.4959946955290526,
  "confidence_interval": [
    -4.124690157968196,
    4.978242852415278
  ],
  "statistical_significance": {
    "t_statistic": 0.40344588129046566,
    "p_value": 0.7256656054793524,
    "is_significant": false,
    "significance_level": 0.05
  },
  "overall_metrics": {
    "CVDBB_bbands_length": {
      "mean": 46.833333333333336,
      "std": 11.282976360675208,
      "min": 31,
      "max": 69,
      "median": 46.0,
      "count": 36
    },
    "CVDBB_bbands_stddev": {
      "mean": 2.5636037222584305,
      "std": 0.3199129221797784,
      "min": 2.0580836121681996,
      "max": 2.9737555188414593,
      "median": 2.666825966377553,
      "count": 36
    },
    "CVDBB_cvd_length": {
      "mean": 52.166666666666664,
      "std": 4.946940693218611,
      "min": 45,
      "max": 60,
      "median": 53.0,
      "count": 36
    },
    "CVDBB_atr_length": {
      "mean": 11.833333333333334,
      "std": 1.2133516482134197,
      "min": 10,
      "max": 14,
      "median": 12.0,
      "count": 36
    },
    "CVDBB_sl_coef": {
      "mean": 2.193463274857935,
      "std": 0.1293143668504976,
      "min": 2.000389382920507,
      "max": 2.3875664116805573,
      "median": 2.210371621689238,
      "count": 36
    },
    "CVDBB_tpsl_ratio": {
      "mean": 2.529699712112287,
      "std": 0.3462703993674776,
      "min": 2.015966252220214,
      "max": 2.9922115592912175,
      "median": 2.616423619027217,
      "count": 36
    },
    "end_value": {
      "mean": 977.7464985199045,
      "std": 51.997142896491795,
      "min": 864.6052228381703,
      "max": 1103.397667585715,
      "median": 979.6644559026487,
      "count": 36
    },
    "total_return_pct": {
      "mean": -2.2253501480095568,
      "std": 5.199714289649178,
      "min": -13.539477716182965,
      "max": 10.3397667585715,
      "median": -2.0335544097351375,
      "count": 36
    },
    "benchmark_return_pct": {
      "mean": -9.846096518063433,
      "std": 24.746446677924716,
      "min": -43.583153545796314,
      "max": 15.080854428617108,
      "median": -1.0359904370110917,
      "count": 36
    },
    "total_fees_paid": {
      "mean": 6.954698955580511,
      "std": 2.54156754983547,
      "min": 2.5614637947707672,
      "max": 13.524670942272229,
      "median": 6.9791731244106945,
      "count": 36
    },
    "max_drawdown_pct": {
      "mean": 7.509661490470317,
      "std": 3.1344055899966743,
      "min": 3.433831438784822,
      "max": 15.948356641113687,
      "median": 6.7969514446352655,
      "count": 36
    },
    "total_trades": {
      "mean": 17.36111111111111,
      "std": 4.894173280418811,
      "min": 7,
      "max": 26,
      "median": 18.0,
      "count": 36
    },
    "win_rate_pct": {
      "mean": 26.068533325692766,
      "std": 10.731419366128842,
      "min": 0.0,
      "max": 42.857142857142854,
      "median": 28.991596638655462,
      "count": 36
    },
    "best_trade_pct": {
      "mean": 8.85246851516216,
      "std": 5.278887946824171,
      "min": -1.636682084826651,
      "max": 24.189881312028007,
      "median": 7.8786692853758975,
      "count": 36
    },
    "worst_trade_pct": {
      "mean": -5.405769648659777,
      "std": 1.5311275924419203,
      "min": -8.673597005859058,
      "max": -2.8030581013421574,
      "median": -5.277227555748423,
      "count": 36
    },
    "avg_winning_trade_pct": {
      "mean": 6.5899208672606875,
      "std": 2.472776487204896,
      "min": 3.80706198272578,
      "max": 13.088930250942468,
      "median": 5.806008171365837,
      "count": 34
    },
    "avg_losing_trade_pct": {
      "mean": -2.8572058601209167,
      "std": 0.4791544237709938,
      "min": -4.4349502692960465,
      "max": -2.098549464890997,
      "median": -2.913907837918974,
      "count": 36
    },
    "profit_factor": {
      "mean": 0.8722498530457115,
      "std": 0.4536518724528325,
      "min": 0.0,
      "max": 1.9121077351600761,
      "median": 0.8646986385171516,
      "count": 36
    },
    "expectancy": {
      "mean": -1.2874483098403202,
      "std": 3.50454795631043,
      "min": -9.467444082432294,
      "max": 5.44198250451133,
      "median": -0.9516738864016467,
      "count": 36
    },
    "sharpe_ratio": {
      "mean": -0.9070184396243598,
      "std": 2.211945176968861,
      "min": -5.618652999112592,
      "max": 3.9025777559068673,
      "median": -0.8609244544943203,
      "count": 36
    },
    "calmar_ratio": {
      "mean": -0.2132800868290922,
      "std": 4.4677251396071185,
      "min": -4.731672536556737,
      "max": 16.06644579832352,
      "median": -1.6947525288118794,
      "count": 36
    },
    "omega_ratio": {
      "mean": 0.9653698361607496,
      "std": 0.09124066974966992,
      "min": 0.7988146832509033,
      "max": 1.18756613540543,
      "median": 0.9657046895219855,
      "count": 36
    },
    "sortino_ratio": {
      "mean": -1.1290482967152504,
      "std": 3.0171935509694374,
      "min": -7.241478158688151,
      "max": 6.13391530583769,
      "median": -1.1762949987807407,
      "count": 36
    }
  },
  "configuration": {
    "train_size_months": 6,
    "test_size_months": 2,
    "purge_days": 1,
    "embargo_days": 0,
    "significance_level": 0.05
  }
}