{
  "validation_method": "rolling_window",
  "n_splits": 5,
  "total_parameters_tested": 1,
  "best_parameters": {
    "atr_length": 14,
    "bbands_length": 31,
    "bbands_stddev": 2.721998772266825,
    "cvd_length": 45,
    "sl_coef": 2.000389382920507,
    "tpsl_ratio": 2.9922115592912175
  },
  "best_cv_score": -5.682810058718165,
  "cv_mean": -5.682810058718165,
  "cv_std": 3.2146241133779463,
  "confidence_interval": [
    -10.145423751037672,
    -1.2201963663986595
  ],
  "statistical_significance": {
    "t_statistic": -3.5355984763933312,
    "p_value": 0.02410870928649093,
    "is_significant": true,
    "significance_level": 0.05
  },
  "overall_metrics": {
    "CVDBB_bbands_length": {
      "mean": 31.0,
      "std": 0.0,
      "min": 31,
      "max": 31,
      "median": 31.0,
      "count": 5
    },
    "CVDBB_bbands_stddev": {
      "mean": 2.721998772266825,
      "std": 0.0,
      "min": 2.721998772266825,
      "max": 2.721998772266825,
      "median": 2.721998772266825,
      "count": 5
    },
    "CVDBB_cvd_length": {
      "mean": 45.0,
      "std": 0.0,
      "min": 45,
      "max": 45,
      "median": 45.0,
      "count": 5
    },
    "CVDBB_atr_length": {
      "mean": 14.0,
      "std": 0.0,
      "min": 14,
      "max": 14,
      "median": 14.0,
      "count": 5
    },
    "CVDBB_sl_coef": {
      "mean": 2.000389382920507,
      "std": 0.0,
      "min": 2.000389382920507,
      "max": 2.000389382920507,
      "median": 2.000389382920507,
      "count": 5
    },
    "CVDBB_tpsl_ratio": {
      "mean": 2.9922115592912175,
      "std": 0.0,
      "min": 2.9922115592912175,
      "max": 2.9922115592912175,
      "median": 2.9922115592912175,
      "count": 5
    },
    "end_value": {
      "mean": 919.9343641007923,
      "std": 43.435631393574745,
      "min": 868.7689932892772,
      "max": 976.7099792718526,
      "median": 902.1547093960879,
      "count": 5
    },
    "total_return_pct": {
      "mean": -8.006563589920773,
      "std": 4.343563139357472,
      "min": -13.123100671072274,
      "max": -2.3290020728147427,
      "median": -9.784529060391204,
      "count": 5
    },
    "benchmark_return_pct": {
      "mean": -13.652928486513016,
      "std": 16.90638864732685,
      "min": -33.56733490605737,
      "max": 6.527807402323926,
      "median": -17.451517815586783,
      "count": 5
    },
    "total_fees_paid": {
      "mean": 5.068385862388984,
      "std": 1.2625739791294155,
      "min": 2.5831343781590532,
      "max": 6.116296953347416,
      "median": 5.527602262514024,
      "count": 5
    },
    "max_drawdown_pct": {
      "mean": 9.536307335462501,
      "std": 3.774917850363136,
      "min": 3.019902510073321,
      "max": 13.764433439976159,
      "median": 11.524884417507693,
      "count": 5
    },
    "total_trades": {
      "mean": 12.6,
      "std": 3.4409301068170506,
      "min": 6,
      "max": 16,
      "median": 14.0,
      "count": 5
    },
    "win_rate_pct": {
      "mean": 9.345238095238093,
      "std": 6.464844753516887,
      "min": 0.0,
      "max": 16.666666666666664,
      "median": 7.142857142857142,
      "count": 5
    },
    "best_trade_pct": {
      "mean": 5.8285539390755305,
      "std": 4.980172237308149,
      "min": -1.6208779022608657,
      "max": 13.523575308878177,
      "median": 6.772486489766013,
      "count": 5
    },
    "worst_trade_pct": {
      "mean": -4.8579928150870195,
      "std": 1.5859309761498885,
      "min": -6.677084000041053,
      "max": -2.913603999853848,
      "median": -5.855522892015565,
      "count": 5
    },
    "avg_winning_trade_pct": {
      "mean": 7.517715017516906,
      "std": 3.7312196011326404,
      "min": 3.271052611381521,
      "max": 13.523575308878177,
      "median": 6.638116074903965,
      "count": 4
    },
    "avg_losing_trade_pct": {
      "mean": -2.7574886874336935,
      "std": 0.4904136516202772,
      "min": -3.509044453532549,
      "max": -2.1957540444938313,
      "median": -2.828714867672953,
      "count": 5
    },
    "profit_factor": {
      "mean": 0.2960136391952271,
      "std": 0.2099575515944232,
      "min": 0.0,
      "max": 0.5444889895642693,
      "median": 0.21282131370405133,
      "count": 5
    },
    "expectancy": {
      "mean": -6.2090479778399885,
      "std": 2.158308802807641,
      "min": -9.373643336480189,
      "max": -3.676488817979905,
      "median": -6.9889493288508575,
      "count": 5
    },
    "sharpe_ratio": {
      "mean": -5.682810058718165,
      "std": 3.2146241133779463,
      "min": -9.483661278551077,
      "max": -1.7585281312668757,
      "median": -7.391261336399336,
      "count": 5
    },
    "calmar_ratio": {
      "mean": -6.290272809765855,
      "std": 1.2438640931530796,
      "min": -8.244466898518821,
      "max": -4.380632728754158,
      "median": -6.197842483317746,
      "count": 5
    },
    "omega_ratio": {
      "mean": 0.7762107463535178,
      "std": 0.13415690369280325,
      "min": 0.5629413307905268,
      "max": 0.9246141013627783,
      "median": 0.7551137794159861,
      "count": 5
    },
    "sortino_ratio": {
      "mean": -7.058867677603667,
      "std": 3.742335764665004,
      "min": -10.821224879383328,
      "max": -2.4495296406414266,
      "median": -9.266491207449521,
      "count": 5
    }
  },
  "configuration": {
    "train_size_months": 4,
    "test_size_months": 1,
    "purge_days": 1,
    "embargo_days": 0,
    "significance_level": 0.05
  }
}